{
  "Author": "The Combat Reborn Team",
  "Name": "Bossmod Reborn",
  "InternalName": "BossModReborn",
  "AssemblyVersion": "7.2.0.336",
  "Description": "A bunch of utilities to simplify bosses.",
  "ApplicableVersion": "any",
  "RepoUrl": "https://github.com/FFXIV-CombatReborn/BossmodReborn",
  "DalamudApiLevel": 11,
  "LoadRequiredState": 0,
  "LoadSync": false,
  "CanUnloadAsync": false,
  "LoadPriority": 0,
  "ImageUrls": [
    "https://raw.githubusercontent.com/awgil/ffxiv_bossmod/master/Data/image1.png",
    "https://raw.githubusercontent.com/awgil/ffxiv_bossmod/master/Data/image2.png",
    "https://raw.githubusercontent.com/awgil/ffxiv_bossmod/master/Data/image3.png"
  ],
  "IconUrl": "https://raw.githubusercontent.com/FFXIV-CombatReborn/RebornAssets/main/IconAssets/BMR_Icon.png",
  "Punchline": "Don't fail at raid mechanics anymore",
  "AcceptsFeedback": true
}